{
  "fine_tuned_forecast": 4.243,
  "fine_tuned_confidence": 90.0,
  "direction": "stable",
  "trend_indicators": {
    "jolts_trends": {
      "openings_trend": -0.02392279461737121,
      "hires_trend": 0.007784317448262768,
      "separations_trend": -0.009736004493540536,
      "quits_trend": -0.0003116235587410408,
      "layoffs_trend": 0.0066815144766146995
    },
    "economic_trends": {
      "unemployment_trend": 0.10000000000000053,
      "claims_trend": 0.0380952380952381,
      "continuing_claims_trend": 0.02857142857142857
    }
  },
  "optimized_adjustments": {
    "openings_adjustment": -0.011961397308685605,
    "hires_adjustment": -0.0023352952344788303,
    "separations_adjustment": -0.0038944017974162147,
    "claims_adjustment": 0.022857142857142857,
    "continuing_claims_adjustment": 0.011428571428571429,
    "trade_adjustment": 0.010000000000000002,
    "economic_headwinds": 0.03,
    "total_optimized_adjustment": 0.056094619945133636
  },
  "job_flows": {
    "job_finding_rate": 0.7898809523809524,
    "job_separation_rate": 0.03305625,
    "flow_consistent_rate": 4.016861785365935
  },
  "adjustments": {
    "trend_adjustment": 0.056094619945133636,
    "job_flow_adjustment": -0.009156910731703239,
    "trade_adjustment": -0.0037199999999999998
  }
}