{
  "updated_forecast": 4.239,
  "updated_confidence": 91.0,
  "direction": "stable",
  "trend_indicators": {
    "jolts_trends": {
      "openings_trend": -0.02392279461737121,
      "hires_trend": 0.007784317448262768,
      "separations_trend": -0.009736004493540536
    },
    "economic_trends": {
      "unemployment_trend": 0.10000000000000053,
      "initial_claims_trend": 0.034934497816593885,
      "continuing_claims_trend": -0.00205761316872428
    }
  },
  "updated_adjustments": {
    "openings_adjustment": -0.011961397308685605,
    "hires_adjustment": -0.0023352952344788303,
    "separations_adjustment": -0.0038944017974162147,
    "initial_claims_adjustment": 0.02096069868995633,
    "continuing_claims_adjustment": -0.000823045267489712,
    "trade_adjustment": 0.010000000000000002,
    "economic_headwinds": 0.04,
    "total_updated_adjustment": 0.051946559081885973
  },
  "job_flows": {
    "job_finding_rate": 0.7898809523809524,
    "job_separation_rate": 0.03305625,
    "flow_consistent_rate": 4.016861785365935
  },
  "new_claims_data": {
    "initial_claims": 237000,
    "initial_claims_prev": 229000,
    "continuing_claims": 1940000,
    "continuing_claims_prev": 1944000,
    "initial_claims_4wk_avg": 231000,
    "continuing_claims_4wk_avg": 1946750,
    "initial_claims_trend": "+3.5%",
    "continuing_claims_trend": "-0.2%",
    "data_date": "2025-08-30"
  },
  "adjustments": {
    "trend_adjustment": 0.051946559081885973,
    "job_flow_adjustment": -0.009156910731703239,
    "trade_adjustment": -0.0037199999999999998
  }
}